{"cfg": {"n_layers": 32, "n_heads": 32, "parallel_attn_mlp": false}, "nodes": {"input": true, "a0.h6": true, "a0.h22": true, "a0.h23": true, "a0.h25": true, "m0": true, "a1.h24": true, "a1.h27": true, "a1.h28": true, "m1": true, "a2.h0": true, "a2.h2": true, "a2.h13": true, "a2.h17": true, "a2.h24": true, "a2.h29": true, "m2": true, "m3": true, "a4.h30": true, "m4": true, "a5.h18": true, "a5.h30": true, "m5": true, "a6.h1": true, "m6": true, "m7": true, "m8": true, "m9": true, "m10": true, "m11": true, "m12": true, "a14.h29": true, "a15.h22": true, "m15": true, "a16.h2": true, "a16.h4": true, "a16.h5": true, "m16": true, "a17.h2": true, "a17.h9": true, "a17.h18": true, "a18.h12": true, "m18": true, "a19.h6": true, "a19.h9": true, "a19.h14": true, "m19": true, "a20.h5": true, "a20.h12": true, "a20.h20": true, "m20": true, "a21.h9": true, "a21.h31": true, "m21": true, "a22.h27": true, "m22": true, "m23": true, "a24.h14": true, "a24.h24": true, "m24": true, "m25": true, "a26.h14": true, "a26.h15": true, "m26": true, "m27": true, "a28.h7": true, "a28.h25": true, "m28": true, "a29.h9": true, "a29.h10": true, "m29": true, "a30.h12": true, "m30": true, "a31.h27": true, "m31": true, "logits": true}, "edges": {"input->a0.h6<v>": {"score": 0.10782042890787125, "in_graph": true}, "input->a0.h22<v>": {"score": 0.24669845402240753, "in_graph": true}, "input->a0.h23<v>": {"score": 0.19959084689617157, "in_graph": true}, "input->a0.h25<v>": {"score": 0.29307055473327637, "in_graph": true}, "input->m0": {"score": 6.497727394104004, "in_graph": true}, "a0.h23->m0": {"score": 0.12072904407978058, "in_graph": true}, "input->a1.h24<v>": {"score": 0.45950648188591003, "in_graph": true}, "input->a1.h27<v>": {"score": 1.250815510749817, "in_graph": true}, "input->a1.h28<v>": {"score": 0.23726467788219452, "in_graph": true}, "m0->a1.h24<v>": {"score": 0.40397220849990845, "in_graph": true}, "m0->a1.h27<v>": {"score": 1.5636924505233765, "in_graph": true}, "m0->a1.h28<v>": {"score": 0.23062913119792938, "in_graph": true}, "input->m1": {"score": 3.077406883239746, "in_graph": true}, "m0->m1": {"score": 1.750508189201355, "in_graph": true}, "a1.h24->m1": {"score": 0.48141178488731384, "in_graph": true}, "a1.h27->m1": {"score": 1.3439102172851562, "in_graph": true}, "a1.h28->m1": {"score": 0.28757014870643616, "in_graph": true}, "input->a2.h2<v>": {"score": 0.16467498242855072, "in_graph": true}, "input->a2.h17<v>": {"score": 0.4500969648361206, "in_graph": true}, "m0->a2.h2<v>": {"score": 0.17923644185066223, "in_graph": true}, "m0->a2.h17<v>": {"score": 0.548331081867218, "in_graph": true}, "m1->a2.h2<v>": {"score": 0.2525954842567444, "in_graph": true}, "m1->a2.h17<v>": {"score": 0.6890867352485657, "in_graph": true}, "m1->a2.h29<k>": {"score": 0.13282924890518188, "in_graph": true}, "input->m2": {"score": 1.181755542755127, "in_graph": true}, "m0->m2": {"score": 0.49697160720825195, "in_graph": true}, "a1.h24->m2": {"score": 0.3217581510543823, "in_graph": true}, "a1.h27->m2": {"score": 1.1300091743469238, "in_graph": true}, "a1.h28->m2": {"score": 0.23898731172084808, "in_graph": true}, "m1->m2": {"score": 2.54067063331604, "in_graph": true}, "a2.h0->m2": {"score": 0.11582408845424652, "in_graph": true}, "a2.h2->m2": {"score": 0.39171549677848816, "in_graph": true}, "a2.h13->m2": {"score": 0.18589124083518982, "in_graph": true}, "a2.h17->m2": {"score": 0.8515563011169434, "in_graph": true}, "a2.h24->m2": {"score": 0.12344951182603836, "in_graph": true}, "input->m3": {"score": 0.650608479976654, "in_graph": true}, "m0->m3": {"score": 0.23845210671424866, "in_graph": true}, "a1.h27->m3": {"score": 0.2592640519142151, "in_graph": true}, "m1->m3": {"score": 1.4818311929702759, "in_graph": true}, "a2.h17->m3": {"score": 0.15704402327537537, "in_graph": true}, "m2->m3": {"score": 4.169160842895508, "in_graph": true}, "m3->a4.h30<v>": {"score": 0.21181033551692963, "in_graph": true}, "input->m4": {"score": 0.29218003153800964, "in_graph": true}, "m0->m4": {"score": 0.14625141024589539, "in_graph": true}, "m1->m4": {"score": 0.6252776980400085, "in_graph": true}, "m2->m4": {"score": 1.4418489933013916, "in_graph": true}, "m3->m4": {"score": 2.8345088958740234, "in_graph": true}, "m3->a5.h18<v>": {"score": 0.11575440317392349, "in_graph": true}, "m4->a5.h18<v>": {"score": 0.2648071348667145, "in_graph": true}, "m1->m5": {"score": 0.11314164847135544, "in_graph": true}, "m2->m5": {"score": 0.2336851805448532, "in_graph": true}, "m3->m5": {"score": 0.6175193786621094, "in_graph": true}, "m4->m5": {"score": 1.2176966667175293, "in_graph": true}, "a5.h30->m5": {"score": 0.10942178219556808, "in_graph": true}, "m2->m6": {"score": 0.10636074095964432, "in_graph": true}, "m3->m6": {"score": 0.23869918286800385, "in_graph": true}, "m4->m6": {"score": 0.2613128125667572, "in_graph": true}, "m5->m6": {"score": 0.20907075703144073, "in_graph": true}, "a6.h1->m6": {"score": 0.10365224629640579, "in_graph": true}, "m3->m7": {"score": 0.17629216611385345, "in_graph": true}, "m4->m7": {"score": 0.23782218992710114, "in_graph": true}, "m5->m7": {"score": 0.36672526597976685, "in_graph": true}, "m4->m8": {"score": 0.15039055049419403, "in_graph": true}, "m5->m8": {"score": 0.13032947480678558, "in_graph": true}, "m4->m9": {"score": 0.12938159704208374, "in_graph": true}, "m5->m9": {"score": 0.10446297377347946, "in_graph": true}, "m7->m9": {"score": 0.13923978805541992, "in_graph": true}, "m4->m10": {"score": 0.104449562728405, "in_graph": true}, "m6->m10": {"score": 0.10235633701086044, "in_graph": true}, "m8->m11": {"score": 0.10394290089607239, "in_graph": true}, "m5->m12": {"score": 0.12789496779441833, "in_graph": true}, "m4->a20.h5<v>": {"score": 0.10420837998390198, "in_graph": true}, "m12->a20.h5<v>": {"score": 0.13172690570354462, "in_graph": true}, "a15.h22->a20.h5<v>": {"score": 0.1388913244009018, "in_graph": true}, "m15->a20.h5<v>": {"score": 0.15104734897613525, "in_graph": true}, "a16.h4->a20.h5<v>": {"score": 0.10883779078722, "in_graph": true}, "m16->a20.h5<v>": {"score": 0.14900237321853638, "in_graph": true}, "a17.h2->a20.h5<v>": {"score": 0.12776383757591248, "in_graph": true}, "m18->a20.h5<v>": {"score": 0.16002045571804047, "in_graph": true}, "m19->a20.h5<v>": {"score": 0.11012225598096848, "in_graph": true}, "m20->a21.h9<v>": {"score": 0.1312103420495987, "in_graph": true}, "m20->a21.h31<v>": {"score": 0.12868556380271912, "in_graph": true}, "a20.h5->m21": {"score": 0.14294534921646118, "in_graph": true}, "a20.h5->m22": {"score": 0.13499455153942108, "in_graph": true}, "m20->m22": {"score": 0.1171790212392807, "in_graph": true}, "a20.h5->m23": {"score": 0.14552026987075806, "in_graph": true}, "m21->m23": {"score": 0.11817044764757156, "in_graph": true}, "m22->m23": {"score": 0.23519036173820496, "in_graph": true}, "m23->m26": {"score": 0.11528682708740234, "in_graph": true}, "m21->m28": {"score": 0.10714942961931229, "in_graph": true}, "m22->m31": {"score": 0.20145432651042938, "in_graph": true}, "m24->m31": {"score": 0.17470157146453857, "in_graph": true}, "m27->m31": {"score": 0.12860332429409027, "in_graph": true}, "m29->m31": {"score": 0.24519817531108856, "in_graph": true}, "a14.h29->logits": {"score": 0.17221015691757202, "in_graph": true}, "a15.h22->logits": {"score": 0.23048214614391327, "in_graph": true}, "a16.h2->logits": {"score": 0.11260388046503067, "in_graph": true}, "a16.h4->logits": {"score": 0.22894692420959473, "in_graph": true}, "a16.h5->logits": {"score": 0.15281057357788086, "in_graph": true}, "a17.h2->logits": {"score": 0.12765875458717346, "in_graph": true}, "a17.h9->logits": {"score": 0.11244703829288483, "in_graph": true}, "a17.h18->logits": {"score": 0.35211271047592163, "in_graph": true}, "a18.h12->logits": {"score": 0.1994471698999405, "in_graph": true}, "a19.h6->logits": {"score": 0.42038118839263916, "in_graph": true}, "a19.h9->logits": {"score": 0.11523854732513428, "in_graph": true}, "a19.h14->logits": {"score": 0.34713974595069885,