{"cfg": {"n_layers": 32, "n_heads": 32, "parallel_attn_mlp": false}, "nodes": {"input": true, "m0": true, "a1.h27": true, "a1.h28": true, "m1": true, "a2.h2": true, "a2.h13": true, "a2.h16": true, "a2.h17": true, "m2": true, "m3": true, "m4": true, "m5": true, "m6": true, "m7": true, "m8": true, "m9": true, "m11": true, "m15": true, "m16": true, "m17": true, "a18.h15": true, "a19.h6": true, "a20.h14": true, "a21.h9": true, "m21": true, "m22": true, "m23": true, "m24": true, "a25.h26": true, "m25": true, "a26.h14": true, "a27.h1": true, "a27.h13": true, "a27.h19": true, "m27": true, "m28": true, "m29": true, "m30": true, "m31": true, "logits": true}, "edges": {"input->m0": {"score": 2.4902305603027344, "in_graph": true}, "input->a1.h27<v>": {"score": 0.20190270245075226, "in_graph": true}, "m0->a1.h27<v>": {"score": 0.17572446167469025, "in_graph": true}, "input->m1": {"score": 1.0974658727645874, "in_graph": true}, "m0->m1": {"score": 0.6639552116394043, "in_graph": true}, "a1.h28->m1": {"score": 0.1314719319343567, "in_graph": true}, "m1->a2.h16<k>": {"score": 0.10631345212459564, "in_graph": true}, "m1->a2.h17<v>": {"score": 0.10138420760631561, "in_graph": true}, "input->m2": {"score": 0.29625433683395386, "in_graph": true}, "m0->m2": {"score": 0.20693938434123993, "in_graph": true}, "a1.h27->m2": {"score": 0.22821266949176788, "in_graph": true}, "m1->m2": {"score": 0.5255089402198792, "in_graph": true}, "a2.h2->m2": {"score": 0.10416649281978607, "in_graph": true}, "a2.h13->m2": {"score": 0.1456945687532425, "in_graph": true}, "a2.h17->m2": {"score": 0.23363351821899414, "in_graph": true}, "input->m3": {"score": 0.28631725907325745, "in_graph": true}, "m0->m3": {"score": 0.15417951345443726, "in_graph": true}, "m1->m3": {"score": 0.318135142326355, "in_graph": true}, "m2->m3": {"score": 0.6710976362228394, "in_graph": true}, "m1->m4": {"score": 0.1154438927769661, "in_graph": true}, "m2->m4": {"score": 0.4207524359226227, "in_graph": true}, "m3->m4": {"score": 0.2251792997121811, "in_graph": true}, "m2->m5": {"score": 0.16166952252388, "in_graph": true}, "m3->m5": {"score": 0.18547141551971436, "in_graph": true}, "m4->m5": {"score": 0.2629980146884918, "in_graph": true}, "m4->m6": {"score": 0.1311262995004654, "in_graph": true}, "m3->m7": {"score": 0.13205371797084808, "in_graph": true}, "m4->m7": {"score": 0.12419324368238449, "in_graph": true}, "m5->m7": {"score": 0.11652467399835587, "in_graph": true}, "m6->m7": {"score": 0.16389663517475128, "in_graph": true}, "m8->m9": {"score": 0.10530975461006165, "in_graph": true}, "m6->m11": {"score": 0.11481312662363052, "in_graph": true}, "m15->m17": {"score": 0.1135571151971817, "in_graph": true}, "m16->a19.h6<v>": {"score": 0.12320336699485779, "in_graph": true}, "a18.h15->m22": {"score": 0.10645907372236252, "in_graph": true}, "m21->m24": {"score": 0.11219470947980881, "in_graph": true}, "m17->logits": {"score": 0.11722825467586517, "in_graph": true}, "a18.h15->logits": {"score": 0.24583233892917633, "in_graph": true}, "a19.h6->logits": {"score": 0.6733549237251282, "in_graph": true}, "a20.h14->logits": {"score": 0.1169249638915062, "in_graph": true}, "a21.h9->logits": {"score": 0.2788202464580536, "in_graph": true}, "m21->logits": {"score": 0.1613912582397461, "in_graph": true}, "m22->logits": {"score": 0.36038827896118164, "in_graph": true}, "m23->logits": {"score": 0.10533948987722397, "in_graph": true}, "m24->logits": {"score": 0.1685025542974472, "in_graph": true}, "a25.h26->logits": {"score": 0.5918405652046204, "in_graph": true}, "m25->logits": {"score": 0.10570907592773438, "in_graph": true}, "a26.h14->logits": {"score": 0.2277461141347885, "in_graph": true}, "a27.h1->logits": {"score": 0.10094770044088364, "in_graph": true}, "a27.h13->logits": {"score": 0.11545369029045105, "in_graph": true}, "a27.h19->logits": {"score": 0.31477418541908264, "in_graph": true}, "m27->logits": {"score": 0.10898489505052567, "in_graph": true}, "m28->logits": {"score": 0.12107481062412262, "in_graph": true}, "m29->logits": {"score": 0.22808070480823517, "in_graph": true}, "m30->logits": {"score": 0.35714152455329895, "in_graph": true}, "m31->logits": {"score": 0.1983031928539276, "in_graph": true}}}