{"cfg": {"n_layers": 32, "n_heads": 32, "parallel_attn_mlp": false}, "nodes": {"input": true, "m0": true, "m1": true, "a2.h2": true, "m2": true, "m3": true, "m4": true, "a5.h16": true, "m5": true, "m6": true, "m7": true, "m8": true, "m9": true, "m10": true, "m11": true, "m13": true, "m14": true, "m15": true, "a16.h24": true, "a16.h27": true, "m16": true, "a17.h31": true, "a18.h31": true, "m18": true, "a19.h6": true, "m19": true, "m21": true, "a22.h25": true, "m22": true, "m23": true, "m24": true, "a25.h3": true, "m25": true, "m26": true, "m27": true, "a28.h7": true, "m28": true, "a29.h5": true, "m29": true, "m30": true, "a31.h27": true, "m31": true, "logits": true}, "edges": {"input->m0": {"score": 3.6154720783233643, "in_graph": true}, "input->m1": {"score": 4.371330738067627, "in_graph": true}, "m0->m1": {"score": 1.2130482196807861, "in_graph": true}, "input->a2.h2<v>": {"score": 0.25943872332572937, "in_graph": true}, "m0->a2.h2<v>": {"score": 0.10617005825042725, "in_graph": true}, "m1->a2.h2<v>": {"score": 0.1673402488231659, "in_graph": true}, "input->m2": {"score": 1.355777382850647, "in_graph": true}, "m0->m2": {"score": 0.457806795835495, "in_graph": true}, "m1->m2": {"score": 0.8985682725906372, "in_graph": true}, "a2.h2->m2": {"score": 0.18999454379081726, "in_graph": true}, "input->m3": {"score": 0.8959481120109558, "in_graph": true}, "m0->m3": {"score": 0.33167320489883423, "in_graph": true}, "m1->m3": {"score": 0.7458013892173767, "in_graph": true}, "a2.h2->m3": {"score": 0.10707059502601624, "in_graph": true}, "m2->m3": {"score": 0.6344268918037415, "in_graph": true}, "input->m4": {"score": 1.4764866828918457, "in_graph": true}, "m0->m4": {"score": 0.4824810326099396, "in_graph": true}, "m1->m4": {"score": 1.0234426259994507, "in_graph": true}, "m2->m4": {"score": 0.5806006789207458, "in_graph": true}, "m3->m4": {"score": 0.6774276494979858, "in_graph": true}, "input->a5.h16<v>": {"score": 0.18718168139457703, "in_graph": true}, "m1->a5.h16<v>": {"score": 0.16358749568462372, "in_graph": true}, "m2->a5.h16<v>": {"score": 0.10396389663219452, "in_graph": true}, "m3->a5.h16<v>": {"score": 0.11683899909257889, "in_graph": true}, "m4->a5.h16<v>": {"score": 0.27852049469947815, "in_graph": true}, "input->m5": {"score": 0.4203612506389618, "in_graph": true}, "m0->m5": {"score": 0.14475704729557037, "in_graph": true}, "m1->m5": {"score": 0.2931930124759674, "in_graph": true}, "m2->m5": {"score": 0.14439657330513, "in_graph": true}, "m3->m5": {"score": 0.19467389583587646, "in_graph": true}, "m4->m5": {"score": 0.47897669672966003, "in_graph": true}, "input->m6": {"score": 0.6464971303939819, "in_graph": true}, "m0->m6": {"score": 0.22866003215312958, "in_graph": true}, "m1->m6": {"score": 0.5190207362174988, "in_graph": true}, "m2->m6": {"score": 0.28236323595046997, "in_graph": true}, "m3->m6": {"score": 0.24774853885173798, "in_graph": true}, "m4->m6": {"score": 0.7657554745674133, "in_graph": true}, "a5.h16->m6": {"score": 0.10199294984340668, "in_graph": true}, "m5->m6": {"score": 0.35107728838920593, "in_graph": true}, "input->m7": {"score": 0.17047666013240814, "in_graph": true}, "m1->m7": {"score": 0.12713438272476196, "in_graph": true}, "m2->m7": {"score": 0.10355089604854584, "in_graph": true}, "m3->m7": {"score": 0.14134882390499115, "in_graph": true}, "m4->m7": {"score": 0.2759169638156891, "in_graph": true}, "m5->m7": {"score": 0.12020010501146317, "in_graph": true}, "m6->m7": {"score": 0.22312887012958527, "in_graph": true}, "m4->m8": {"score": 0.12641781568527222, "in_graph": true}, "m5->m8": {"score": 0.12241987138986588, "in_graph": true}, "m6->m8": {"score": 0.1486966460943222, "in_graph": true}, "input->m9": {"score": 0.10997147113084793, "in_graph": true}, "m1->m9": {"score": 0.10828237980604172, "in_graph": true}, "m4->m9": {"score": 0.1397935003042221, "in_graph": true}, "m5->m9": {"score": 0.10786306858062744, "in_graph": true}, "m8->m9": {"score": 0.10713879019021988, "in_graph": true}, "input->m10": {"score": 0.17253682017326355, "in_graph": true}, "m1->m10": {"score": 0.12289897352457047, "in_graph": true}, "m4->m10": {"score": 0.2679234445095062, "in_graph": true}, "m6->m10": {"score": 0.23503530025482178, "in_graph": true}, "input->m11": {"score": 0.19185277819633484, "in_graph": true}, "m1->m11": {"score": 0.15869702398777008, "in_graph": true}, "m3->m11": {"score": 0.10620281845331192, "in_graph": true}, "m4->m11": {"score": 0.2766520380973816, "in_graph": true}, "a5.h16->m11": {"score": 0.1150851920247078, "in_graph": true}, "m5->m11": {"score": 0.17796586453914642, "in_graph": true}, "m6->m11": {"score": 0.24543751776218414, "in_graph": true}, "m10->m11": {"score": 0.23470735549926758, "in_graph": true}, "m4->m13": {"score": 0.16249880194664001, "in_graph": true}, "m6->m13": {"score": 0.13600768148899078, "in_graph": true}, "m10->m13": {"score": 0.15116435289382935, "in_graph": true}, "m11->m13": {"score": 0.2107628434896469, "in_graph": true}, "m4->m14": {"score": 0.12986277043819427, "in_graph": true}, "m10->m14": {"score": 0.16752028465270996, "in_graph": true}, "m11->m14": {"score": 0.148175448179245, "in_graph": true}, "m13->m14": {"score": 0.307207852602005, "in_graph": true}, "m13->a16.h24<v>": {"score": 0.15897692739963531, "in_graph": true}, "m14->a16.h24<v>": {"score": 0.21171686053276062, "in_graph": true}, "input->a17.h31<v>": {"score": 0.13291078805923462, "in_graph": true}, "m1->a17.h31<v>": {"score": 0.1017688736319542, "in_graph": true}, "m4->a17.h31<v>": {"score": 0.19043022394180298, "in_graph": true}, "m6->a17.h31<v>": {"score": 0.1384168416261673, "in_graph": true}, "m10->a17.h31<v>": {"score": 0.18724612891674042, "in_graph": true}, "m11->a17.h31<v>": {"score": 0.4718616306781769, "in_graph": true}, "m13->a17.h31<v>": {"score": 0.6619651913642883, "in_graph": true}, "m14->a17.h31<v>": {"score": 0.8794100284576416, "in_graph": true}, "m15->a17.h31<v>": {"score": 0.17752568423748016, "in_graph": true}, "m16->a17.h31<v>": {"score": 0.39462706446647644, "in_graph": true}, "a17.h31->m18": {"score": 0.11576206237077713, "in_graph": true}, "a17.h31->m19": {"score": 0.20071536302566528, "in_graph": true}, "a17.h31->m21": {"score": 0.13498958945274353, "in_graph": true}, "a16.h24->a22.h25<v>": {"score": 0.2852897644042969, "in_graph": true}, "a17.h31->a22.h25<v>": {"score": 1.670604944229126, "in_graph": true}, "a18.h31->a22.h25<v>": {"score": 0.11058786511421204, "in_graph": true}, "a19.h6->a22.h25<v>": {"score": 0.1413862705230713, "in_graph": true}, "m19->a22.h25<v>": {"score": 0.32089704275131226, "in_graph": true}, "m21->a22.h25<v>": {"score": 0.1219605877995491, "in_graph": true}, "a17.h31->m24": {"score": 0.12589557468891144, "in_graph": true}, "a22.h25->m24": {"score": 0.15236663818359375, "in_graph": true}, "m23->m24": {"score": 0.10505541414022446, "in_graph": true}, "a17.h31->m25": {"score": 0.26914525032043457, "in_graph": true}, "a22.h25->m25": {"score": 0.44995859265327454, "in_graph": true}, "m24->m25": {"score": 0.1008070558309555, "in_graph": true}, "a17.h31->m26": {"score": 0.24269528687000275, "in_graph": true}, "a22.h25->m26": {"score": 0.27242815494537354, "in_graph": true}, "a17.h31->m27": {"score": 0.15983286499977112, "in_graph": true}, "a22.h25->m27": {"score": 0.22839275002479553, "in_graph": true}, "m25->m27": {"score": 0.156051367521286, "in_graph": true}, "m26->m27": {"score": 0.18354013562202454, "in_graph": true}, "a17.h31->a29.h5<v>": {"score": 0.15717200934886932, "in_graph": true}, "a22.h25->a29.h5<v>": {"score": 0.15554171800613403, "in_graph": true}, "a22.h25->m29": {"score": 0.13249439001083374, "in_graph": true}, "m25->m30": {"score": 0.10479085892438889, "in_graph": true}, "m28->m30": {"score": 0.13764448463916779, "in_graph": true}, "m27->m31": {"score": 0.17041268944740295, "in_graph": true}, "m30->m31": {"score": 0.17532017827033997, "in_graph": true}, "a16.h24->logits": {"score": 0.38785627484321594, "in_graph": true},