{"cfg": {"n_layers": 32, "n_heads": 32, "parallel_attn_mlp": false}, "nodes": {"input": true, "a0.h6": true, "m0": true, "a1.h15": true, "a1.h24": true, "a1.h27": true, "a1.h28": true, "m1": true, "a2.h0": true, "a2.h2": true, "a2.h8": true, "a2.h16": true, "a2.h17": true, "m2": true, "a3.h21": true, "m3": true, "a4.h17": true, "m4": true, "a5.h16": true, "a5.h26": true, "m5": true, "m6": true, "m7": true, "m8": true, "m9": true, "m10": true, "m11": true, "m12": true, "m13": true, "a14.h19": true, "m14": true, "m15": true, "m16": true, "a17.h31": true, "m17": true, "m18": true, "m19": true, "m20": true, "m21": true, "a22.h25": true, "m23": true, "m24": true, "a25.h3": true, "m25": true, "m26": true, "m27": true, "m28": true, "a29.h5": true, "m29": true, "m30": true, "m31": true, "logits": true}, "edges": {"input->a0.h6<v>": {"score": 0.12420883774757385, "in_graph": true}, "input->m0": {"score": 3.8614964485168457, "in_graph": true}, "input->a1.h24<v>": {"score": 0.237280935049057, "in_graph": true}, "input->a1.h27<v>": {"score": 0.919922947883606, "in_graph": true}, "m0->a1.h24<v>": {"score": 0.1726011484861374, "in_graph": true}, "m0->a1.h27<v>": {"score": 0.7110015153884888, "in_graph": true}, "input->m1": {"score": 1.2342286109924316, "in_graph": true}, "m0->m1": {"score": 0.8457083702087402, "in_graph": true}, "a1.h15->m1": {"score": 0.11571336537599564, "in_graph": true}, "a1.h24->m1": {"score": 0.10689298063516617, "in_graph": true}, "a1.h27->m1": {"score": 0.6741316318511963, "in_graph": true}, "a1.h28->m1": {"score": 0.15480828285217285, "in_graph": true}, "input->a2.h2<v>": {"score": 0.11126568913459778, "in_graph": true}, "input->a2.h17<v>": {"score": 0.38962894678115845, "in_graph": true}, "m0->a2.h2<v>": {"score": 0.10576357692480087, "in_graph": true}, "m0->a2.h17<v>": {"score": 0.3352939784526825, "in_graph": true}, "m1->a2.h2<v>": {"score": 0.16955892741680145, "in_graph": true}, "m1->a2.h17<v>": {"score": 0.4147382974624634, "in_graph": true}, "input->m2": {"score": 0.24933381378650665, "in_graph": true}, "m0->m2": {"score": 0.2198256403207779, "in_graph": true}, "a1.h27->m2": {"score": 0.33089181780815125, "in_graph": true}, "m1->m2": {"score": 0.8270266056060791, "in_graph": true}, "a2.h0->m2": {"score": 0.1150585412979126, "in_graph": true}, "a2.h2->m2": {"score": 0.1454138308763504, "in_graph": true}, "a2.h8->m2": {"score": 0.1018940731883049, "in_graph": true}, "a2.h16->m2": {"score": 0.1169591173529625, "in_graph": true}, "a2.h17->m2": {"score": 0.2768843472003937, "in_graph": true}, "input->m3": {"score": 0.21316708624362946, "in_graph": true}, "m0->m3": {"score": 0.18142788112163544, "in_graph": true}, "a1.h27->m3": {"score": 0.22211214900016785, "in_graph": true}, "m1->m3": {"score": 0.6697161197662354, "in_graph": true}, "a2.h17->m3": {"score": 0.1622128039598465, "in_graph": true}, "m2->m3": {"score": 0.5683413743972778, "in_graph": true}, "input->m4": {"score": 0.23145648837089539, "in_graph": true}, "m0->m4": {"score": 0.1969137191772461, "in_graph": true}, "a1.h27->m4": {"score": 0.10150038450956345, "in_graph": true}, "m1->m4": {"score": 0.3816933333873749, "in_graph": true}, "m2->m4": {"score": 0.9015231728553772, "in_graph": true}, "a3.h21->m4": {"score": 0.12681275606155396, "in_graph": true}, "m3->m4": {"score": 0.21802207827568054, "in_graph": true}, "a4.h17->m4": {"score": 0.2293277084827423, "in_graph": true}, "m2->a5.h26<v>": {"score": 0.1118665263056755, "in_graph": true}, "m4->a5.h16<v>": {"score": 0.11613040417432785, "in_graph": true}, "m3->m5": {"score": 0.14705540239810944, "in_graph": true}, "m4->m5": {"score": 0.3324109613895416, "in_graph": true}, "a1.h27->m6": {"score": 0.11243094503879547, "in_graph": true}, "m1->m6": {"score": 0.2721676528453827, "in_graph": true}, "m2->m6": {"score": 0.22239017486572266, "in_graph": true}, "m3->m6": {"score": 0.34220367670059204, "in_graph": true}, "m4->m6": {"score": 0.5490320920944214, "in_graph": true}, "a5.h16->m6": {"score": 0.14824597537517548, "in_graph": true}, "m5->m7": {"score": 0.12581251561641693, "in_graph": true}, "m6->m7": {"score": 0.2343522161245346, "in_graph": true}, "m8->m9": {"score": 0.14768534898757935, "in_graph": true}, "m5->m10": {"score": 0.11280235648155212, "in_graph": true}, "m6->m11": {"score": 0.28558793663978577, "in_graph": true}, "m9->m11": {"score": 0.1764254868030548, "in_graph": true}, "m4->m12": {"score": 0.10833612829446793, "in_graph": true}, "m6->m13": {"score": 0.18806587159633636, "in_graph": true}, "m12->m13": {"score": 0.242772176861763, "in_graph": true}, "m6->a14.h19<v>": {"score": 0.12189042568206787, "in_graph": true}, "m11->a14.h19<v>": {"score": 0.19914455711841583, "in_graph": true}, "m13->a14.h19<v>": {"score": 0.14310716092586517, "in_graph": true}, "m12->m14": {"score": 0.16933512687683105, "in_graph": true}, "m13->m16": {"score": 0.10044283419847488, "in_graph": true}, "m14->m16": {"score": 0.13238124549388885, "in_graph": true}, "m15->m16": {"score": 0.11673574894666672, "in_graph": true}, "m3->a17.h31<v>": {"score": 0.11424433439970016, "in_graph": true}, "m4->a17.h31<v>": {"score": 0.21541433036327362, "in_graph": true}, "m5->a17.h31<v>": {"score": 0.12248418480157852, "in_graph": true}, "m6->a17.h31<v>": {"score": 0.38007375597953796, "in_graph": true}, "m9->a17.h31<v>": {"score": 0.20573313534259796, "in_graph": true}, "m10->a17.h31<v>": {"score": 0.28769540786743164, "in_graph": true}, "m11->a17.h31<v>": {"score": 0.5070884227752686, "in_graph": true}, "m12->a17.h31<v>": {"score": 0.11036533862352371, "in_graph": true}, "m13->a17.h31<v>": {"score": 0.749267578125, "in_graph": true}, "m15->a17.h31<v>": {"score": 0.11874326318502426, "in_graph": true}, "m16->a17.h31<v>": {"score": 0.4347583055496216, "in_graph": true}, "a14.h19->m17": {"score": 0.22441717982292175, "in_graph": true}, "a17.h31->m17": {"score": 0.18381118774414062, "in_graph": true}, "a17.h31->m18": {"score": 0.17413556575775146, "in_graph": true}, "a14.h19->m19": {"score": 0.12454007565975189, "in_graph": true}, "a17.h31->m19": {"score": 0.4727066457271576, "in_graph": true}, "a17.h31->m20": {"score": 0.15949881076812744, "in_graph": true}, "a17.h31->m21": {"score": 0.14126981794834137, "in_graph": true}, "a14.h19->a22.h25<v>": {"score": 0.10111897438764572, "in_graph": true}, "a17.h31->a22.h25<v>": {"score": 0.26746082305908203, "in_graph": true}, "a17.h31->m24": {"score": 0.2670195698738098, "in_graph": true}, "m13->a25.h3<v>": {"score": 0.16257575154304504, "in_graph": true}, "m16->a25.h3<v>": {"score": 0.13854803144931793, "in_graph": true}, "a17.h31->m26": {"score": 0.12875740230083466, "in_graph": true}, "a14.h19->m27": {"score": 0.10972689092159271, "in_graph": true}, "a17.h31->m27": {"score": 0.2657289505004883, "in_graph": true}, "m24->m27": {"score": 0.15820038318634033, "in_graph": true}, "m25->m27": {"score": 0.11686767637729645, "in_graph": true}, "a17.h31->m28": {"score": 0.1915387064218521, "in_graph": true}, "a17.h31->a29.h5<v>": {"score": 0.13127724826335907, "in_graph": true}, "a17.h31->m29": {"score": 0.16028417646884918, "in_graph": true}, "m24->m29": {"score": 0.1144324466586113, "in_graph": true}, "a25.h3->m29": {"score": 0.11375141143798828, "in_graph": true}, "a17.h31->m31": {"score": 0.13487011194229126, "in_graph": true}, "a14.h19->logits": {"score": 0.26834261417388916, "in_graph": true}, "a17.h31->logits": {"score": 1.4618467092514038, "in_graph": true}, "m17->logits": {"score": 0.19030195474624634, "in_graph": true}, "m19->logits": {"score": 0.33358290791511536, "in_graph": true}, "m20->logits": {"score": 0.18294955790042877, "in_graph": true}, "a22.h25->logits": {"score": 0.22808058559894562, "in_graph": true}, "m23->logits": {"score": 0.11129605770111084, "in_graph": true}, "m24->logits": {"score": 0.3127886950969696, "in_graph": true}, "a25.h3->logits": {"score": 0.8480911254882812, "in_graph": true}, "m25->logits": {"score": 0.18995918333530426, "in_graph": true},