{"cfg": {"n_layers": 32, "n_heads": 32, "parallel_attn_mlp": false}, "nodes": {"input": true, "a0.h15": true, "m0": true, "a1.h15": true, "a1.h22": true, "m1": true, "a2.h2": true, "a2.h13": true, "m2": true, "a3.h19": true, "m3": true, "m4": true, "m5": true, "m6": true, "m7": true, "m8": true, "m9": true, "m10": true, "m11": true, "m12": true, "a13.h6": true, "m13": true, "m14": true, "a15.h0": true, "m15": true, "a16.h10": true, "m16": true, "a17.h20": true, "a17.h27": true, "m17": true, "a18.h3": true, "m18": true, "m19": true, "a20.h17": true, "m20": true, "m21": true, "m22": true, "a23.h6": true, "m23": true, "m24": true, "a25.h0": true, "a25.h18": true, "m25": true, "a26.h14": true, "m26": true, "m27": true, "a28.h7": true, "m28": true, "a29.h9": true, "m29": true, "a30.h12": true, "m30": true, "a31.h25": true, "a31.h27": true, "m31": true, "logits": true}, "edges": {"input->a0.h15<v>": {"score": 0.13617123663425446, "in_graph": true}, "input->m0": {"score": 0.9645088911056519, "in_graph": true}, "a0.h15->m0": {"score": 0.3457416594028473, "in_graph": true}, "input->a1.h15<k>": {"score": 0.10198179632425308, "in_graph": true}, "input->a1.h15<v>": {"score": 0.7298104166984558, "in_graph": true}, "input->a1.h22<v>": {"score": 0.11575232446193695, "in_graph": true}, "m0->a1.h15<v>": {"score": 0.21452176570892334, "in_graph": true}, "input->m1": {"score": 0.9409831166267395, "in_graph": true}, "m0->m1": {"score": 0.2889030873775482, "in_graph": true}, "a1.h15->m1": {"score": 0.4237128794193268, "in_graph": true}, "a1.h22->m1": {"score": 0.10098077356815338, "in_graph": true}, "input->a2.h2<k>": {"score": 0.11555194854736328, "in_graph": true}, "input->a2.h2<v>": {"score": 0.6484115719795227, "in_graph": true}, "m0->a2.h2<v>": {"score": 0.23065850138664246, "in_graph": true}, "m1->a2.h2<v>": {"score": 0.2202402949333191, "in_graph": true}, "a1.h15->m2": {"score": 0.3079290986061096, "in_graph": true}, "m1->m2": {"score": 0.5365617871284485, "in_graph": true}, "a2.h2->m2": {"score": 0.3458499014377594, "in_graph": true}, "input->a3.h19<v>": {"score": 0.13399705290794373, "in_graph": true}, "a1.h15->m3": {"score": 0.3006798028945923, "in_graph": true}, "m1->m3": {"score": 0.21374745666980743, "in_graph": true}, "a2.h2->m3": {"score": 0.20251838862895966, "in_graph": true}, "a2.h13->m3": {"score": 0.21396684646606445, "in_graph": true}, "m2->m3": {"score": 0.9603157639503479, "in_graph": true}, "input->m4": {"score": 0.11030169576406479, "in_graph": true}, "a1.h15->m4": {"score": 0.23157432675361633, "in_graph": true}, "m1->m4": {"score": 0.1418880969285965, "in_graph": true}, "a3.h19->m4": {"score": 0.16716799139976501, "in_graph": true}, "m3->m4": {"score": 0.7490553259849548, "in_graph": true}, "input->m5": {"score": 0.11902647465467453, "in_graph": true}, "m2->m5": {"score": 0.40517809987068176, "in_graph": true}, "m3->m5": {"score": 0.4711288809776306, "in_graph": true}, "m4->m5": {"score": 0.3938670754432678, "in_graph": true}, "m4->m6": {"score": 0.23921208083629608, "in_graph": true}, "m5->m6": {"score": 0.3282264173030853, "in_graph": true}, "m2->m7": {"score": 0.14121560752391815, "in_graph": true}, "m3->m7": {"score": 0.3692390024662018, "in_graph": true}, "m4->m7": {"score": 0.2696364223957062, "in_graph": true}, "m5->m7": {"score": 0.33544254302978516, "in_graph": true}, "m4->m8": {"score": 0.1274411976337433, "in_graph": true}, "m7->m8": {"score": 0.22743064165115356, "in_graph": true}, "m7->m9": {"score": 0.10684742778539658, "in_graph": true}, "m8->m9": {"score": 0.20042715966701508, "in_graph": true}, "m8->m10": {"score": 0.21610024571418762, "in_graph": true}, "m5->m11": {"score": 0.11351879686117172, "in_graph": true}, "m6->m11": {"score": 0.13955388963222504, "in_graph": true}, "m4->m13": {"score": 0.10243276506662369, "in_graph": true}, "m12->m14": {"score": 0.12242987006902695, "in_graph": true}, "m3->a15.h0<v>": {"score": 0.10415177792310715, "in_graph": true}, "m7->a15.h0<v>": {"score": 0.10189088433980942, "in_graph": true}, "m8->a15.h0<v>": {"score": 0.14163647592067719, "in_graph": true}, "a13.h6->a15.h0<v>": {"score": 0.16177310049533844, "in_graph": true}, "a15.h0->a16.h10<v>": {"score": 0.11401472985744476, "in_graph": true}, "m14->m16": {"score": 0.17610770463943481, "in_graph": true}, "a15.h0->a17.h20<k>": {"score": 0.1077258363366127, "in_graph": true}, "m15->a18.h3<v>": {"score": 0.17591193318367004, "in_graph": true}, "m16->a18.h3<v>": {"score": 0.1071799173951149, "in_graph": true}, "m14->m18": {"score": 0.15069109201431274, "in_graph": true}, "a15.h0->m19": {"score": 0.36853766441345215, "in_graph": true}, "a17.h27->m19": {"score": 0.11478342115879059, "in_graph": true}, "m17->m19": {"score": 0.10405821353197098, "in_graph": true}, "a15.h0->a20.h17<v>": {"score": 0.2803766429424286, "in_graph": true}, "a18.h3->a20.h17<v>": {"score": 0.142463818192482, "in_graph": true}, "m19->a20.h17<v>": {"score": 0.12052362412214279, "in_graph": true}, "a15.h0->m20": {"score": 0.7124384045600891, "in_graph": true}, "a17.h27->m20": {"score": 0.1462552398443222, "in_graph": true}, "a18.h3->m20": {"score": 0.5368913412094116, "in_graph": true}, "a20.h17->m20": {"score": 0.6988883018493652, "in_graph": true}, "a20.h17->m21": {"score": 0.16074468195438385, "in_graph": true}, "a20.h17->m22": {"score": 0.14496278762817383, "in_graph": true}, "m20->m22": {"score": 0.32289329171180725, "in_graph": true}, "m21->m23": {"score": 0.3430045545101166, "in_graph": true}, "m22->m23": {"score": 0.11060357838869095, "in_graph": true}, "m21->m24": {"score": 0.1728980839252472, "in_graph": true}, "m23->m24": {"score": 0.2705281674861908, "in_graph": true}, "a20.h17->a25.h18<q>": {"score": 0.16450440883636475, "in_graph": true}, "m20->a25.h18<q>": {"score": 0.1871994584798813, "in_graph": true}, "m20->a25.h18<k>": {"score": 0.14844711124897003, "in_graph": true}, "m20->a25.h18<v>": {"score": 0.1747034639120102, "in_graph": true}, "m21->a25.h18<v>": {"score": 0.14754393696784973, "in_graph": true}, "m23->a25.h18<v>": {"score": 0.1337961107492447, "in_graph": true}, "m20->m25": {"score": 0.3626551628112793, "in_graph": true}, "m23->m25": {"score": 0.2538062036037445, "in_graph": true}, "m24->m25": {"score": 0.2285388857126236, "in_graph": true}, "a25.h18->m25": {"score": 0.11334938555955887, "in_graph": true}, "m23->a26.h14<v>": {"score": 0.1141183003783226, "in_graph": true}, "a18.h3->m26": {"score": 0.12504932284355164, "in_graph": true}, "m20->m26": {"score": 0.4159853160381317, "in_graph": true}, "m22->m26": {"score": 0.20795577764511108, "in_graph": true}, "m23->m26": {"score": 0.2440459132194519, "in_graph": true}, "a25.h18->m26": {"score": 0.617592453956604, "in_graph": true}, "m25->m26": {"score": 0.43648216128349304, "in_graph": true}, "m20->m27": {"score": 0.22717516124248505, "in_graph": true}, "m22->m27": {"score": 0.4479202926158905, "in_graph": true}, "m23->m27": {"score": 0.1803579330444336, "in_graph": true}, "a25.h0->m27": {"score": 0.14646568894386292, "in_graph": true}, "m26->m27": {"score": 0.21301940083503723, "in_graph": true}, "m20->a28.h7<v>": {"score": 0.13720065355300903, "in_graph": true}, "m24->a28.h7<v>": {"score": 0.36043182015419006, "in_graph": true}, "a25.h18->a28.h7<v>": {"score": 0.43684059381484985, "in_graph": true}, "m25->a28.h7<v>": {"score": 0.48721742630004883, "in_graph": true}, "m26->a28.h7<v>": {"score": 0.4128294289112091, "in_graph": true}, "m27->a28.h7<v>": {"score": 0.4492231011390686, "in_graph": true}, "a20.h17->m28": {"score": 0.10962680727243423, "in_graph": true}, "a25.h18->m28": {"score": 0.10819077491760254, "in_graph": true}, "m25->m28": {"score": 0.12096048891544342, "in_graph": true}, "m26->m28": {"score": 0.15274402499198914, "in_graph": true}, "m27->m28": {"score": 0.24280919134616852, "in_graph": true}, "a28.h7->m28": {"score": 0.13134030997753143, "in_graph": true}, "m21->a29.h9<v>": {"score": 0.15851113200187683, "in_graph": true}, "m23->a29.h9<v>": {"score": 0.18049512803554535,